ID_0,NAME_0,OCCUPANCY,MACRO_TAXO,TAXONOMY,BUILDINGS,TOTAL_AREA_SQM
THA,Thailand,Agr,S/LF,S/LF/H:1/AGR1,28,6613.85638334
THA,Thailand,Agr,CR/LFINF,CR/LFINF/H:1/AGR1,17,7528.98358784
THA,Thailand,Agr,W,W/H:1/AGR1,11,904.480724
THA,Thailand,Agr,S/MF,S/MF/H:1/AGR1,8,1684.8506930600001
THA,Thailand,Agr,CR/MF,CR/MF/H:1/AGR1,6,3687.48235333
THA,Thailand,Agr,CR/LFINF,CR/LFINF/H:2-3/AGR1,3,736.1579818
THA,Thailand,Agr,C1+S2,C1+S2/H:1/AGR1,2,1133.7333027
THA,Thailand,Agr,C1+W,C1+W/H:1/AGR1,2,193.06039767
THA,Thailand,Agr,C3+S2,C3+S2/H:1/AGR1,2,265.65322175
THA,Thailand,Agr,C1+S1,C1+S1/H:1/AGR1,1,104.4563957
THA,Thailand,Agr,C3+S1,C3+S1/H:1/AGR1,1,45.94774397
THA,Thailand,Agr,S/BF,S/BF/H:1/AGR1,1,95.12811806
THA,Thailand,Agr,W,W/H:2-3/AGR1,1,272.8765498
THA,Thailand,Agr,W1+S1,W1+S1/H:1/AGR1,1,77.25392492
THA,Thailand,Com,CR/LFINF,CR/LFINF/H:2-3/COM1,2902,2556324.24992418
THA,Thailand,Com,CR/LFINF,CR/LFINF/H:1/COM1,2442,534070.96838096
THA,Thailand,Com,CR/MF,CR/MF/H:1/COM10,1761,143660.724102437
THA,Thailand,Com,S/LF,S/LF/H:1/COM10,985,110857.95622249901
THA,Thailand,Com,CR/LFINF,CR/LFINF/H:1/COM8,833,154888.206599292
THA,Thailand,Com,CR/LFINF,CR/LFINF/H:1/COM3,797,206311.9711076
THA,Thailand,Com,S/LF,S/LF/H:1/COM1,642,203675.490607472
THA,Thailand,Com,CR/LFINF,CR/LFINF/H:2-3/COM3,518,427595.49761585
THA,Thailand,Com,CR/LFINF,CR/LFINF/H:2-3/COM8,490,295490.88569229
THA,Thailand,Com,CR/MF,CR/MF/H:1/COM1,470,120915.87268291
THA,Thailand,Com,CR/LFINF,CR/LFINF/H:1/COM4,443,126543.54890541
THA,Thailand,Com,CR/LFINF,CR/LFINF/H:2-3/COM4,401,354308.17709887
THA,Thailand,Com,S/LF,S/LF/H:1/COM3,364,130267.568906714
THA,Thailand,Com,CR/LFINF,CR/LFINF/H:4-5/COM1,345,549718.07674377
THA,Thailand,Com,CR/LFINF,CR/LFINF/H:1/COM2,251,205805.064419981
THA,Thailand,Com,CR/MF,CR/MF/H:1/COM8,222,38954.808316689
THA,Thailand,Com,CR/MF,CR/MF/H:1/COM3,199,67585.48763759
THA,Thailand,Com,S/LF,S/LF/H:1/COM2,197,132046.82092246
THA,Thailand,Com,S/LF,S/LF/H:1/COM8,171,27468.142316895
THA,Thailand,Com,W,W/H:2-3/COM1,145,48516.31553954
THA,Thailand,Com,W,W/H:1/COM1,121,17902.74418193
THA,Thailand,Com,S/MF,S/MF/H:1/COM8,102,23918.873886783
THA,Thailand,Com,S/MF,S/MF/H:1/COM3,97,44603.53456491
THA,Thailand,Com,CR/MF,CR/MF/H:2-3/COM1,95,128745.13854096
THA,Thailand,Com,W,W/H:2-3/COM8,92,30569.88862893
THA,Thailand,Com,CR/LFINF,CR/LFINF/H:4-5/COM3,80,136424.68379522
THA,Thailand,Com,CR/LFINF,CR/LFINF/H:2-3/COM6,71,117064.15813225
THA,Thailand,Com,CR/LFINF,CR/LFINF/H:1/COM10,70,11672.67479563
THA,Thailand,Com,CR/MF,CR/MF/H:1/COM2,68,36751.4552048
THA,Thailand,Com,CR/LFINF,CR/LFINF/H:4-5/COM4,67,170623.32221286
THA,Thailand,Com,CR/MF,CR/MF/H:1/COM4,66,34014.9687387
THA,Thailand,Com,W,W/H:1/COM8,64,6748.49877646
THA,Thailand,Com,CR/LFINF,CR/LFINF/H:2-3/COM7,62,44496.39355076
THA,Thailand,Com,CR/LFINF,CR/LFINF/H:2-3/COM2,59,193648.17467328
THA,Thailand,Com,S/LF,S/LF/H:1/COM4,50,24508.923031406
THA,Thailand,Com,CR/LFINF,CR/LFINF/H:1/COM7,44,10036.20375617
THA,Thailand,Com,S/MF,S/MF/H:1/COM2,41,52737.4536885
THA,Thailand,Com,W,W/H:2-3/COM3,41,9322.82194135
THA,Thailand,Com,S/MF,S/MF/H:1/COM1,40,14314.38068489
THA,Thailand,Com,S/LFINF,S/LFINF/H:1/COM8,38,9633.92850909
THA,Thailand,Com,CR/MF,CR/MF/H:2-3/COM3,37,47460.2171812
THA,Thailand,Com,CR/MF,CR/MF/H:4-5/COM1,32,83560.3016265
THA,Thailand,Com,S/LFINF,S/LFINF/H:1/COM3,32,9747.3364334
THA,Thailand,Com,S/MF,S/MF/H:1/COM4,30,31590.76965251
THA,Thailand,Com,CR/LFINF,CR/LFINF/H:4-5/COM8,25,36126.0528662
THA,Thailand,Com,CR/MF,CR/MF/H:2-3/COM4,24,29038.6602646
THA,Thailand,Com,W,W/H:1/COM3,24,3396.09855535
THA,Thailand,Com,S/LF,S/LF/H:2-3/COM1,23,34820.31063672
THA,Thailand,Com,CR/LFINF,CR/LFINF/H:1/COM6,19,7474.36502887
THA,Thailand,Com,CR/MF,CR/MF/H:2-3/COM8,18,10939.9625585
THA,Thailand,Com,CR/LFINF,CR/LFINF/H:4-5/COM7,17,22604.3381776
THA,Thailand,Com,CR/LWAL,CR/LWAL/H:4-5/COM4,16,39434.9172632
THA,Thailand,Com,S/LF,S/LF/H:2-3/COM8,16,8899.29592206
THA,Thailand,Com,CR/LFINF,CR/LFINF/H:2-3/COM5,15,14607.357044029999
THA,Thailand,Com,CR/LFINF,CR/LFINF/H:4-5/COM6,15,109646.989234
THA,Thailand,Com,S/LFINF,S/LFINF/H:1/COM1,15,5848.92267912
THA,Thailand,Com,W,W/H:1/COM10,15,659.70690575
THA,Thailand,Com,CR/MF,CR/MF/H:4-5/COM3,14,40072.6222458
THA,Thailand,Com,S/LFINF,S/LFINF/H:1/COM4,13,4879.49394929
THA,Thailand,Com,W,W/H:1/COM2,13,2103.45376303
THA,Thailand,Com,CR/LFINF,CR/LFINF/H:6-9/COM6,12,131575.472029
THA,Thailand,Com,CR/LFINF,CR/LFINF/H:2-3/COM10,11,8451.37638198
THA,Thailand,Com,S/MF,S/MF/H:2-3/COM8,11,1604.00411786
THA,Thailand,Com,CR/MF,CR/MF/H:4-5/COM4,10,28906.1616652
THA,Thailand,Com,S/LF,S/LF/H:2-3/COM3,9,8153.43289156
THA,Thailand,Com,S/LFINF,S/LFINF/H:2-3/COM8,9,4936.2084172
THA,Thailand,Com,CR/LFINF,CR/LFINF/H:6-9/COM1,8,18604.4786354
THA,Thailand,Com,S/MF,S/MF/H:1/COM6,8,3298.49564515
THA,Thailand,Com,W,W/H:1/COM4,8,1256.90382824
THA,Thailand,Com,CR/LFINF,CR/LFINF/H:10+/COM6,7,163418.96374
THA,Thailand,Com,CR/LFINF,CR/LFINF/H:4-5/COM5,7,10470.6199537
THA,Thailand,Com,CR/LWAL,CR/LWAL/H:4-5/COM6,7,24447.051867
THA,Thailand,Com,CR/LWAL,CR/LWAL/H:6-9/COM1,7,80417.605654
THA,Thailand,Com,S/LFINF,S/LFINF/H:2-3/COM4,7,4252.17458158
THA,Thailand,Com,C3+W1,C3+W1/H:2-3/COM1,5,987.8661050000001
THA,Thailand,Com,C3+W1,C3+W1/H:2-3/COM8,5,616.1821219000001
THA,Thailand,Com,CR/LWAL,CR/LWAL/H:4-5/COM1,5,4887.3563047
THA,Thailand,Com,CR/LWAL,CR/LWAL/H:6-9/COM4,5,34086.503855
THA,Thailand,Com,CR/LWAL,CR/LWAL/H:6-9/COM6,5,34830.535154
THA,Thailand,Com,S/LF,S/LF/H:2-3/COM4,5,11168.5396122
THA,Thailand,Com,S/MF,S/MF/H:2-3/COM3,5,4287.7535809
THA,Thailand,Com,W,W/H:2-3/COM2,5,3965.8393754500003
THA,Thailand,Com,CR/LWAL,CR/LWAL/H:2-3/COM1,4,3190.6608970999996
THA,Thailand,Com,CR/MF,CR/MF/H:2-3/COM10,4,6529.53870501
THA,Thailand,Com,CR/MF,CR/MF/H:2-3/COM7,4,5131.7267745
THA,Thailand,Com,S/LF,S/LF/H:2-3/COM2,4,21675.213961
THA,Thailand,Com,S/LFINF,S/LFINF/H:2-3/COM3,4,4587.71875635
THA,Thailand,Com,W,W/H:2-3/COM4,4,1407.2960554000001
THA,Thailand,Com,C3+W2,C3+W2/H:2-3/COM8,3,1673.4548135
THA,Thailand,Com,CR/LFINF,CR/LFINF/H:1/COM5,3,588.2702687999999
THA,Thailand,Com,CR/LFINF,CR/LFINF/H:4-5/COM10,3,3784.0857719
THA,Thailand,Com,CR/LFINF,CR/LFINF/H:6-9/COM4,3,12142.2818502
THA,Thailand,Com,CR/LFINF,CR/LFINF/H:6-9/COM5,3,12144.211022
THA,Thailand,Com,CR/LFINF+FS,CR/LFINF+FS/H:2-3/COM2,3,9402.0574149
THA,Thailand,Com,CR/LWAL,CR/LWAL/H:10+/COM6,3,43227.533301
THA,Thailand,Com,CR/LWAL,CR/LWAL/H:2-3/COM4,3,2586.5658516
THA,Thailand,Com,CR/LWAL,CR/LWAL/H:4-5/COM3,3,4393.4853619000005
THA,Thailand,Com,CR/MF,CR/MF/H:1/COM7,3,949.01103959
THA,Thailand,Com,S/BF,S/BF/H:1/COM3,3,373.38719976000004
THA,Thailand,Com,W,W/H:2-3/COM10,3,607.1249716
THA,Thailand,Com,C1+W1,C1+W1/H:1/COM8,2,149.43611688
THA,Thailand,Com,C1+W1,C1+W1/H:2-3/COM8,2,1065.124595
THA,Thailand,Com,C3+S1,C3+S1/H:1/COM3,2,93.23955926000001
THA,Thailand,Com,C3+W,C3+W/H:1/COM3,2,196.30657631
THA,Thailand,Com,C3+W1,C3+W1/H:2-3/COM3,2,523.3265708
THA,Thailand,Com,CR/LFINF,CR/LFINF/H:4-5/COM2,2,34022.169689999995
THA,Thailand,Com,CR/LFINF+FS,CR/LFINF+FS/H:4-5/COM4,2,6045.542406
THA,Thailand,Com,CR/LFINF+FS,CR/LFINF+FS/H:6-9/COM2,2,253119.011365
THA,Thailand,Com,CR/LWAL,CR/LWAL/H:4-5/COM7,2,4040.6855649999998
THA,Thailand,Com,CR/LWAL,CR/LWAL/H:6-9/COM8,2,11580.900508
THA,Thailand,Com,CR/MF,CR/MF/H:4-5/COM10,2,18252.640111
THA,Thailand,Com,CR/MF,CR/MF/H:6-9/COM1,2,12632.417837
THA,Thailand,Com,MH,MH/H:1/COM3,2,72.03728155
THA,Thailand,Com,PCR/LWAL,PCR/LWAL/H:1/COM3,2,752.0776298000001
THA,Thailand,Com,S/LFINF,S/LFINF/H:1/COM2,2,4419.277995
THA,Thailand,Com,S/LWAL,S/LWAL/H:2-3/COM3,2,1496.2811193999999
THA,Thailand,Com,S/MF,S/MF/H:1/COM10,2,296.738471
THA,Thailand,Com,S/MF,S/MF/H:2-3/COM2,2,800.1127799
THA,Thailand,Com,W,W/H:2-3/COM7,2,613.1764858
THA,Thailand,Com,C1+S1,C1+S1/H:1/COM8,1,48.76253164
THA,Thailand,Com,C2+C4,C2+C4/H:2-3/COM3,1,258.6996056
THA,Thailand,Com,C3+S1,C3+S1/H:2-3/COM1,1,493.0506736
THA,Thailand,Com,C3+S3,C3+S3/H:2-3/COM4,1,1515.272675
THA,Thailand,Com,C3+W,C3+W/H:1/COM8,1,181.9176628
THA,Thailand,Com,C3+W,C3+W/H:2-3/COM8,1,577.9215979
THA,Thailand,Com,C3+W1,C3+W1/H:1/COM1,1,250.2147086
THA,Thailand,Com,C3+W2,C3+W2/H:2-3/COM3,1,305.14232
THA,Thailand,Com,C4+C2,C4+C2/H:10+/COM4,1,51739.36052
THA,Thailand,Com,C4+C2,C4+C2/H:2-3/COM4,1,9016.954079
THA,Thailand,Com,C4+C2,C4+C2/H:2-3/COM6,1,1532.513145
THA,Thailand,Com,C4+C2,C4+C2/H:6-9/COM4,1,3410.826098
THA,Thailand,Com,C4+C2,C4+C2/H:6-9/COM6,1,13822.63784
THA,Thailand,Com,CR/LFINF,CR/LFINF/H:10+/COM10,1,38160.24308
THA,Thailand,Com,CR/LFINF,CR/LFINF/H:2-3/COM9,1,128.7436395
THA,Thailand,Com,CR/LFINF,CR/LFINF/H:6-9/COM8,1,26042.65333
THA,Thailand,Com,CR/LFINF+FS,CR/LFINF+FS/H:10+/COM6,1,15810.86489
THA,Thailand,Com,CR/LFINF+FS,CR/LFINF+FS/H:2-3/COM3,1,909.7264135
THA,Thailand,Com,CR/LFINF+FS,CR/LFINF+FS/H:4-5/COM2,1,1310.948669
THA,Thailand,Com,CR/LWAL,CR/LWAL/H:10+/COM1,1,366602.7576
THA,Thailand,Com,CR/LWAL,CR/LWAL/H:2-3/COM6,1,1580.339339
THA,Thailand,Com,CR/LWAL,CR/LWAL/H:6-9/COM2,1,73517.07347
THA,Thailand,Com,CR/LWAL,CR/LWAL/H:6-9/COM3,1,532.9319216
THA,Thailand,Com,CR/LWAL,CR/LWAL/H:6-9/COM5,1,2253.132216
THA,Thailand,Com,CR/MF,CR/MF/H:10+/COM1,1,1803.915498
THA,Thailand,Com,CR/MF,CR/MF/H:2-3/COM2,1,7551.54624
THA,Thailand,Com,CR/MF,CR/MF/H:4-5/COM8,1,1227.500597
THA,Thailand,Com,CR/MF,CR/MF/H:6-9/COM4,1,2319.696325
THA,Thailand,Com,MH,MH/H:1/COM4,1,95.93827244
THA,Thailand,Com,PCR/LWAL,PCR/LWAL/H:1/COM8,1,41.36256055
THA,Thailand,Com,S/BF,S/BF/H:1/COM8,1,251.7278074
THA,Thailand,Com,S/BF,S/BF/H:2-3/COM8,1,78.85398417
THA,Thailand,Com,S/LF,S/LF/H:1/COM7,1,385.5518464
THA,Thailand,Com,S/LF,S/LF/H:2-3/COM10,1,120.8068898
THA,Thailand,Com,S/LF,S/LF/H:4-5/COM3,1,924.1714571
THA,Thailand,Com,S/LF,S/LF/H:4-5/COM4,1,1359.156785
THA,Thailand,Com,S/LFINF,S/LFINF/H:2-3/COM1,1,159.2347925
THA,Thailand,Com,S/LFINF,S/LFINF/H:2-3/COM7,1,196.8440439
THA,Thailand,Com,S/LWAL,S/LWAL/H:2-3/COM4,1,638.5891519
THA,Thailand,Com,S/MF,S/MF/H:1/COM9,1,408.2607253
THA,Thailand,Com,S/MF,S/MF/H:2-3/COM10,1,4920.717887
THA,Thailand,Com,S1+W1,S1+W1/H:1/COM3,1,138.7350244
THA,Thailand,Com,S3+W,S3+W/H:1/COM8,1,58.07851797
THA,Thailand,Com,S4+W,S4+W/H:1/COM8,1,37.84992807
THA,Thailand,Com,W,W/H:2-3/COM9,1,92.49760522
THA,Thailand,Ind,CR/LFINF,CR/LFINF/H:1/IND3,37,14033.41858871
THA,Thailand,Ind,CR/LFINF,CR/LFINF/H:1/IND2,16,4591.66267443
THA,Thailand,Ind,S/LF,S/LF/H:1/IND1,16,6361.28676508
THA,Thailand,Ind,CR/LFINF,CR/LFINF/H:1/IND1,12,3116.91230637
THA,Thailand,Ind,S/LF,S/LF/H:1/IND2,11,4025.96971755
THA,Thailand,Ind,CR/LFINF,CR/LFINF/H:1/IND6,9,2949.28458657
THA,Thailand,Ind,S/MF,S/MF/H:1/IND4,8,7618.6489114
THA,Thailand,Ind,CR/LFINF,CR/LFINF/H:1/IND4,7,4460.2945225
THA,Thailand,Ind,CR/MF,CR/MF/H:1/IND2,7,3184.36369005
THA,Thailand,Ind,S/MF,S/MF/H:1/IND1,7,3519.59375739
THA,Thailand,Ind,CR/LFINF,CR/LFINF/H:2-3/IND2,6,2532.66689905
THA,Thailand,Ind,S/MF,S/MF/H:1/IND6,6,1970.5868050899999
THA,Thailand,Ind,CR/LFINF,CR/LFINF/H:2-3/IND1,5,7563.0618844
THA,Thailand,Ind,CR/MF,CR/MF/H:1/IND1,5,2525.5060394
THA,Thailand,Ind,S/LF,S/LF/H:1/IND3,5,601.79579216
THA,Thailand,Ind,S/LF,S/LF/H:1/IND4,5,410.8360354
THA,Thailand,Ind,CR/LFINF,CR/LFINF/H:2-3/IND6,4,1589.2257699000002
THA,Thailand,Ind,S/BF,S/BF/H:1/IND2,4,549.53746986
THA,Thailand,Ind,C1+C3,C1+C3/H:1/IND2,3,366.0901283
THA,Thailand,Ind,C3+S3,C3+S3/H:1/IND2,3,424.92846908999996
THA,Thailand,Ind,CR/LFINF,CR/LFINF/H:2-3/IND3,3,804.0993175
THA,Thailand,Ind,CR/MF,CR/MF/H:1/IND6,3,854.2656625
THA,Thailand,Ind,S/MF,S/MF/H:1/IND2,3,1371.8606698600001
THA,Thailand,Ind,S/MF,S/MF/H:1/IND3,3,2394.4201358
THA,Thailand,Ind,CR/LFINF,CR/LFINF/H:1/IND5,2,810.8629087
THA,Thailand,Ind,S/LF,S/LF/H:1/IND6,2,303.1396363
THA,Thailand,Ind,S/LFINF,S/LFINF/H:1/IND4,2,542.1356405
THA,Thailand,Ind,W,W/H:1/IND3,2,525.2725279
THA,Thailand,Ind,C1+S2,C1+S2/H:1/IND4,1,613.6468251
THA,Thailand,Ind,C3+C1,C3+C1/H:1/IND1,1,581.6320129
THA,Thailand,Ind,C3+S1,C3+S1/H:1/IND2,1,681.0904331
THA,Thailand,Ind,C3+S1,C3+S1/H:2-3/IND6,1,15026.97611
THA,Thailand,Ind,C3+S2,C3+S2/H:1/IND1,1,46.14623773
THA,Thailand,Ind,CR/LFINF,CR/LFINF/H:2-3/IND4,1,910.7329594
THA,Thailand,Ind,CR/LFINF,CR/LFINF/H:4-5/IND3,1,596.1189778
THA,Thailand,Ind,CR/LFINF,CR/LFINF/H:4-5/IND6,1,1579.889867
THA,Thailand,Ind,CR/LWAL,CR/LWAL/H:1/IND3,1,2977.877013
THA,Thailand,Ind,CR/LWAL,CR/LWAL/H:2-3/IND2,1,4546.488027
THA,Thailand,Ind,S/BF,S/BF/H:1/IND1,1,36.09195233
THA,Thailand,Ind,S/LFINF,S/LFINF/H:1/IND2,1,1434.684677
THA,Thailand,Ind,S/LFINF,S/LFINF/H:1/IND3,1,7227.752315
THA,Thailand,Ind,W,W/H:1/IND1,1,35.70531715
THA,Thailand,Ind,W,W/H:1/IND2,1,129.3944209
THA,Thailand,Other,CR/LFINF,CR/LFINF/H:2-3/RES3,1758,1240665.76047348
THA,Thailand,Other,CR/LFINF,CR/LFINF/H:1/REL1,831,154942.98772615
THA,Thailand,Other,CR/LFINF,CR/LFINF/H:4-5/RES3,681,1363591.06596204
THA,Thailand,Other,CR/LFINF,CR/LFINF/H:1/RES3,643,137325.179541442
THA,Thailand,Other,CR/LFINF,CR/LFINF/H:1/GOV1,633,193404.8548539
THA,Thailand,Other,CR/LFINF,CR/LFINF/H:2-3/GOV1,492,585189.64753327
THA,Thailand,Other,CR/LFINF,CR/LFINF/H:2-3/EDU1,348,519174.20074206
THA,Thailand,Other,CR/LFINF,CR/LFINF/H:1/EDU1,334,110498.49670311
THA,Thailand,Other,CR/LFINF,CR/LFINF/H:2-3/REL1,329,216635.8536812
THA,Thailand,Other,CR/LFINF,CR/LFINF/H:2-3/EDU2,298,569151.01964941
THA,Thailand,Other,CR/LFINF,CR/LFINF/H:2-3/GOV2,266,165786.08220227
THA,Thailand,Other,CR/LWAL,CR/LWAL/H:4-5/RES3,193,415414.0034493
THA,Thailand,Other,CR/LFINF,CR/LFINF/H:2-3/COM1T,187,179876.44379577
THA,Thailand,Other,CR/LWAL,CR/LWAL/H:6-9/RES3,186,937647.519073
THA,Thailand,Other,CR/LFINF,CR/LFINF/H:1/EDU2,152,82707.95650945
THA,Thailand,Other,CR/MF,CR/MF/H:1/REL1,104,19129.92257128
THA,Thailand,Other,CR/LFINF,CR/LFINF/H:4-5/EDU2,87,437390.2834961
THA,Thailand,Other,CR/LFINF,CR/LFINF/H:4-5/EDU1,82,249667.0115066
THA,Thailand,Other,CR/MF,CR/MF/H:1/GOV1,79,25022.49197777
THA,Thailand,Other,S/MF,S/MF/H:1/GOV1,72,16244.85010796
THA,Thailand,Other,CR/LFINF,CR/LFINF/H:1/GOV2,67,21869.02989283
THA,Thailand,Other,CR/LFINF,CR/LFINF/H:6-9/RES3,66,258033.6305226
THA,Thailand,Other,C3+W1,C3+W1/H:2-3/REL1,49,19485.1069901
THA,Thailand,Other,C4+C2,C4+C2/H:6-9/RES3,47,318817.9633066
THA,Thailand,Other,CR/LFINF,CR/LFINF/H:1/COM1T,47,14205.33485237
THA,Thailand,Other,S/LF,S/LF/H:1/GOV1,42,23702.60043729
THA,Thailand,Other,CR/LFINF,CR/LFINF/H:4-5/COM1T,41,73374.7653377
THA,Thailand,Other,W,W/H:2-3/RES3,41,15040.89740906
THA,Thailand,Other,S/LF,S/LF/H:1/RES3,35,3938.22562565
THA,Thailand,Other,W,W/H:1/REL1,31,7649.27119489
THA,Thailand,Other,C4+C2,C4+C2/H:4-5/RES3,30,72853.3374361
THA,Thailand,Other,W,W/H:1/RES3,29,3337.82116403
THA,Thailand,Other,W,W/H:2-3/GOV2,28,31860.1117432
THA,Thailand,Other,CR/LWAL,CR/LWAL/H:10+/RES3,26,363158.57062199997
THA,Thailand,Other,S/LF,S/LF/H:1/REL1,25,2158.74591224
THA,Thailand,Other,CR/MF,CR/MF/H:1/EDU1,23,7582.776906550001
THA,Thailand,Other,W,W/H:2-3/GOV1,22,4812.29050701
THA,Thailand,Other,W,W/H:2-3/REL1,22,8863.41593823
THA,Thailand,Other,CR/LFINF,CR/LFINF/H:4-5/GOV1,21,96988.02967630001
THA,Thailand,Other,CR/LWAL,CR/LWAL/H:6-9/EDU2,18,166330.115759
THA,Thailand,Other,S/MF,S/MF/H:1/EDU1,18,5321.4398924
THA,Thailand,Other,CR/MF,CR/MF/H:1/RES3,17,2858.31540636
THA,Thailand,Other,CR/LWAL,CR/LWAL/H:4-5/EDU2,16,110058.488788
THA,Thailand,Other,S/LF,S/LF/H:1/EDU1,16,5374.31282886
THA,Thailand,Other,CR/MF,CR/MF/H:4-5/RES3,14,25378.2024941
THA,Thailand,Other,CR/LWAL,CR/LWAL/H:2-3/RES3,13,10338.076551099999
THA,Thailand,Other,CR/MF,CR/MF/H:1/GOV2,13,2542.89612675
THA,Thailand,Other,W,W/H:1/GOV1,13,1741.07913759
THA,Thailand,Other,CR/LFINF,CR/LFINF/H:4-5/REL1,11,29959.7180431
THA,Thailand,Other,S/LF,S/LF/H:1/EDU2,11,3645.1707425
THA,Thailand,Other,CR/LWAL,CR/LWAL/H:4-5/GOV1,10,91352.755154
THA,Thailand,Other,CR/MF,CR/MF/H:1/EDU2,10,2400.36611452
THA,Thailand,Other,CR/MF,CR/MF/H:2-3/GOV1,9,22935.3109869
THA,Thailand,Other,CR/MF,CR/MF/H:2-3/RES3,9,22128.977311
THA,Thailand,Other,CR/MF,CR/MF/H:6-9/RES3,9,39728.834888
THA,Thailand,Other,CR/LFINF,CR/LFINF/H:6-9/EDU2,8,44201.8176727
THA,Thailand,Other,S/LF,S/LF/H:1/GOV2,8,968.53259809
THA,Thailand,Other,S/LFINF,S/LFINF/H:2-3/GOV1,8,15859.8030659
THA,Thailand,Other,S/MF,S/MF/H:1/REL1,8,1118.29454628
THA,Thailand,Other,C3+W1,C3+W1/H:1/EDU2,7,1227.79517699
THA,Thailand,Other,CR/LFINF,CR/LFINF/H:10+/RES3,7,130052.368557
THA,Thailand,Other,CR/LFINF+FS,CR/LFINF+FS/H:4-5/RES3,7,8404.8660559
THA,Thailand,Other,CR/LFINF+FS,CR/LFINF+FS/H:6-9/RES3,7,30462.287402
THA,Thailand,Other,S/LFINF,S/LFINF/H:1/GOV1,7,1309.86984419
THA,Thailand,Other,W,W/H:2-3/EDU1,7,2976.5481480500002
THA,Thailand,Other,CR/LFINF,CR/LFINF/H:4-5/GOV2,6,25402.808798
THA,Thailand,Other,C3+C2,C3+C2/H:4-5/RES3,5,13360.065142
THA,Thailand,Other,CR/LFINF+FS,CR/LFINF+FS/H:4-5/GOV1,5,25017.419176
THA,Thailand,Other,C2+C4,C2+C4/H:4-5/RES3,4,6264.187277999999
THA,Thailand,Other,C3+C2,C3+C2/H:6-9/RES3,4,12432.536517
THA,Thailand,Other,C3+W1,C3+W1/H:1/GOV1,4,936.2104378399999
THA,Thailand,Other,CR/LWAL,CR/LWAL/H:10+/EDU2,4,94143.48685
THA,Thailand,Other,CR/LWAL,CR/LWAL/H:6-9/EDU1,4,28595.839969
THA,Thailand,Other,CR/MF,CR/MF/H:2-3/EDU1,4,3080.24189178
THA,Thailand,Other,CR/MF,CR/MF/H:2-3/GOV2,4,3276.1859823
THA,Thailand,Other,CR/MF,CR/MF/H:2-3/REL1,4,3246.9143795
THA,Thailand,Other,MUR/LWAL,MUR/LWAL/H:1/REL1,4,512.78678669
THA,Thailand,Other,W,W/H:1/GOV2,4,1222.8929963
THA,Thailand,Other,C3+W1,C3+W1/H:1/REL1,3,220.41888804
THA,Thailand,Other,C3+W1,C3+W1/H:2-3/GOV1,3,516.83975617
THA,Thailand,Other,C4+C2,C4+C2/H:6-9/EDU2,3,25897.862921
THA,Thailand,Other,CR/LWAL,CR/LWAL/H:2-3/GOV1,3,10221.4301268
THA,Thailand,Other,CR/MF,CR/MF/H:4-5/EDU1,3,9357.3687042
THA,Thailand,Other,CR/MF,CR/MF/H:4-5/GOV2,3,3241.8256739999997
THA,Thailand,Other,S/LF,S/LF/H:1/COM1T,3,3082.5425911
THA,Thailand,Other,S/MF,S/MF/H:1/EDU2,3,708.61907389
THA,Thailand,Other,W,W/H:2-3/COM1T,3,662.3686935
THA,Thailand,Other,W,W/H:2-3/EDU2,3,3245.4162024
THA,Thailand,Other,C2+C4,C2+C4/H:6-9/RES3,2,11330.336313
THA,Thailand,Other,C3+W1,C3+W1/H:2-3/EDU1,2,732.7533983999999
THA,Thailand,Other,C3+W2,C3+W2/H:2-3/REL1,2,2043.734781
THA,Thailand,Other,C4+C2,C4+C2/H:10+/RES3,2,45897.222439
THA,Thailand,Other,CR/LFINF,CR/LFINF/H:6-9/GOV1,2,8759.743322
THA,Thailand,Other,CR/LWAL,CR/LWAL/H:2-3/EDU1,2,12675.223237
THA,Thailand,Other,CR/LWAL,CR/LWAL/H:4-5/EDU1,2,3063.012511
THA,Thailand,Other,CR/LWAL,CR/LWAL/H:6-9/GOV1,2,9123.370257
THA,Thailand,Other,CR/MF,CR/MF/H:2-3/COM1T,2,1553.0157917000001
THA,Thailand,Other,PCR/LWAL,PCR/LWAL/H:2-3/COM1T,2,1364.4616618999999
THA,Thailand,Other,S/LF,S/LF/H:2-3/GOV1,2,1191.2855872
THA,Thailand,Other,S/MF,S/MF/H:2-3/GOV1,2,5519.902546
THA,Thailand,Other,C1+W1,C1+W1/H:2-3/RES3,1,669.9423455
THA,Thailand,Other,C2+C4,C2+C4/H:10+/RES3,1,8667.757248
THA,Thailand,Other,C2+C4,C2+C4/H:2-3/GOV2,1,404.6018322
THA,Thailand,Other,C3+C2,C3+C2/H:4-5/EDU1,1,5415.899888
THA,Thailand,Other,C3+C2,C3+C2/H:6-9/EDU1,1,10263.74616
THA,Thailand,Other,C3+C4,C3+C4/H:6-9/RES3,1,7243.968371
THA,Thailand,Other,C3+S1,C3+S1/H:2-3/GOV1,1,444.9959228
THA,Thailand,Other,C3+W,C3+W/H:2-3/RES3,1,402.332711
THA,Thailand,Other,C3+W1,C3+W1/H:2-3/EDU2,1,342.3664333
THA,Thailand,Other,C3+W1,C3+W1/H:2-3/RES3,1,400.7268965
THA,Thailand,Other,C3+W2,C3+W2/H:2-3/GOV1,1,949.2331979
THA,Thailand,Other,C4+C2,C4+C2/H:4-5/REL1,1,946.9967943
THA,Thailand,Other,CR/LFINF,CR/LFINF/H:10+/EDU2,1,19636.76706
THA,Thailand,Other,CR/LFINF,CR/LFINF/H:6-9/EDU1,1,9073.89333
THA,Thailand,Other,CR/LFINF,CR/LFINF/H:6-9/REL1,1,4802.114001
THA,Thailand,Other,CR/LFINF+FS,CR/LFINF+FS/H:1/GOV1,1,1096.912292
THA,Thailand,Other,CR/LFINF+FS,CR/LFINF+FS/H:10+/RES3,1,28173.11756
THA,Thailand,Other,CR/LFINF+FS,CR/LFINF+FS/H:2-3/GOV1,1,253.9602448
THA,Thailand,Other,CR/LFINF+FS,CR/LFINF+FS/H:2-3/RES3,1,599.7168615
THA,Thailand,Other,CR/LFINF+FS,CR/LFINF+FS/H:4-5/EDU2,1,4360.592762
THA,Thailand,Other,CR/LFINF+FS,CR/LFINF+FS/H:6-9/GOV1,1,1212.598916
THA,Thailand,Other,CR/LWAL,CR/LWAL/H:1/RES3,1,541.577897
THA,Thailand,Other,CR/LWAL,CR/LWAL/H:2-3/EDU2,1,2012.911274
THA,Thailand,Other,CR/LWAL,CR/LWAL/H:6-9/GOV2,1,5078.364825
THA,Thailand,Other,CR/MF,CR/MF/H:1/COM1T,1,1504.957071
THA,Thailand,Other,CR/MF,CR/MF/H:10+/RES3,1,2205.067874
THA,Thailand,Other,S/BF,S/BF/H:4-5/RES3,1,2875.029217
THA,Thailand,Other,S/LF,S/LF/H:2-3/RES3,1,393.3210052
THA,Thailand,Other,S/LFINF,S/LFINF/H:1/REL1,1,48.28395719
THA,Thailand,Other,S/MF,S/MF/H:1/COM1T,1,385.3642254
THA,Thailand,Other,S/MF,S/MF/H:1/GOV2,1,446.8602346
THA,Thailand,Other,S/MF,S/MF/H:1/RES3,1,120.9261555
THA,Thailand,Other,S/MF,S/MF/H:2-3/COM1T,1,1336.617731
THA,Thailand,Other,S/MF,S/MF/H:2-3/RES3,1,119.0208838
THA,Thailand,Other,W,W/H:1/COM1T,1,134.2369996
THA,Thailand,Other,W,W/H:1/EDU1,1,58.56193319
THA,Thailand,Other,W,W/H:4-5/REL1,1,1808.111134
THA,Thailand,Res,CR/LFINF,CR/LFINF/H:1/RES1,34149,4137673.063014679
THA,Thailand,Res,CR/LFINF,CR/LFINF/H:2-3/RES1,26594,8468324.260557607
THA,Thailand,Res,W,W/H:2-3/RES1,3557,851987.82583635
THA,Thailand,Res,W,W/H:1/RES1,1244,121118.138822748
THA,Thailand,Res,CR/LFINF,CR/LFINF/H:2-3/RES4,876,581911.34699579
THA,Thailand,Res,S/LF,S/LF/H:1/RES1,627,59646.383271133
THA,Thailand,Res,CR/MF,CR/MF/H:1/RES1,614,60237.644335407
THA,Thailand,Res,CR/LFINF,CR/LFINF/H:1/RES4,361,75704.24987823
THA,Thailand,Res,CR/LFINF,CR/LFINF/H:4-5/RES1,321,391393.82783594
THA,Thailand,Res,CR/LFINF,CR/LFINF/H:4-5/RES4,272,492084.7094971
THA,Thailand,Res,C3+W1,C3+W1/H:2-3/RES1,268,53816.94659676
THA,Thailand,Res,CR/LFINF,CR/LFINF/H:2-3/RES5,174,145770.21472191
THA,Thailand,Res,CR/LWAL,CR/LWAL/H:6-9/RES4,113,623436.8669455
THA,Thailand,Res,W,W/H:2-3/RES4,105,31429.59286288
THA,Thailand,Res,CR/LFINF,CR/LFINF/H:4-5/RES5,85,187947.96340888
THA,Thailand,Res,CR/LWAL,CR/LWAL/H:4-5/RES4,84,194590.4712037
THA,Thailand,Res,CR/LFINF,CR/LFINF/H:1/RES5,79,27233.78838098
THA,Thailand,Res,CR/MF,CR/MF/H:2-3/RES1,77,29508.99776103
THA,Thailand,Res,S/MF,S/MF/H:1/RES1,75,8403.76779751
THA,Thailand,Res,CR/LFINF,CR/LFINF/H:2-3/RES3D,53,29475.2845102
THA,Thailand,Res,C3+W2,C3+W2/H:2-3/RES1,48,9330.64414842
THA,Thailand,Res,CR/LFINF,CR/LFINF/H:4-5/RES3E,48,74073.5347944
THA,Thailand,Res,C3+W,C3+W/H:2-3/RES1,42,8044.6154704
THA,Thailand,Res,S/LF,S/LF/H:2-3/RES1,42,10827.54416301
THA,Thailand,Res,CR/LWAL,CR/LWAL/H:6-9/RES5,40,168483.1578769
THA,Thailand,Res,CR/LFINF,CR/LFINF/H:2-3/RES3C,39,17771.73897476
THA,Thailand,Res,CR/LFINF,CR/LFINF/H:2-3/RES3E,37,38489.6562576
THA,Thailand,Res,CR/LFINF,CR/LFINF/H:6-9/RES4,36,154953.4674638
THA,Thailand,Res,C3+W1,C3+W1/H:1/RES1,34,2865.66309296
THA,Thailand,Res,CR/LWAL,CR/LWAL/H:2-3/RES1,33,11228.72190254
THA,Thailand,Res,CR/LWAL,CR/LWAL/H:4-5/RES5,30,72442.6955271
THA,Thailand,Res,CR/LFINF,CR/LFINF/H:4-5/RES3F,28,66734.8269263
THA,Thailand,Res,CR/MF,CR/MF/H:4-5/RES4,28,69227.4081676
THA,Thailand,Res,CR/MF,CR/MF/H:2-3/RES4,27,26323.7836953
THA,Thailand,Res,CR/LFINF,CR/LFINF/H:1/RES3C,26,6397.38446495
THA,Thailand,Res,W,W/H:1/RES4,23,2346.4819076100002
THA,Thailand,Res,CR/LFINF,CR/LFINF/H:1/RES3B,22,3514.25422762
THA,Thailand,Res,CR/LWAL,CR/LWAL/H:10+/RES4,21,507335.055116
THA,Thailand,Res,S/LFINF,S/LFINF/H:1/RES1,21,1741.83062158
THA,Thailand,Res,C1+W1,C1+W1/H:2-3/RES1,17,3528.7352037699998
THA,Thailand,Res,CR/LFINF,CR/LFINF/H:2-3/RES3B,17,9069.2139921
THA,Thailand,Res,CR/LWAL,CR/LWAL/H:2-3/RES4,17,16905.3526967
THA,Thailand,Res,W,W/H:1/RES2,17,808.0422308
THA,Thailand,Res,S/LFINF,S/LFINF/H:2-3/RES1,16,3092.69116374
THA,Thailand,Res,CR/LWAL,CR/LWAL/H:4-5/RES1,15,17989.5073198
THA,Thailand,Res,CR/MF,CR/MF/H:1/RES4,14,2365.09273774
THA,Thailand,Res,S/LF,S/LF/H:1/RES5,13,2060.90251329
THA,Thailand,Res,CR/LWAL,CR/LWAL/H:6-9/RES3F,12,60281.0016
THA,Thailand,Res,CR/MF,CR/MF/H:10+/RES4,12,312326.54238
THA,Thailand,Res,CR/MF,CR/MF/H:6-9/RES4,12,64861.4526919
THA,Thailand,Res,S/LF,S/LF/H:1/RES4,12,1352.96605189
THA,Thailand,Res,CR/LFINF,CR/LFINF/H:4-5/RES3D,11,9284.5225584
THA,Thailand,Res,CR/LFINF+FS,CR/LFINF+FS/H:2-3/RES5,11,17343.29544
THA,Thailand,Res,CR/LFINF,CR/LFINF/H:6-9/RES5,10,37851.4391264
THA,Thailand,Res,MH,MH/H:1/RES2,10,457.75997234
THA,Thailand,Res,S/MF,S/MF/H:2-3/RES1,10,2345.889559
THA,Thailand,Res,C3+W1,C3+W1/H:2-3/RES4,9,964.80545151
THA,Thailand,Res,CR/LWAL,CR/LWAL/H:4-5/RES3F,9,42605.570851
THA,Thailand,Res,CR/LWAL,CR/LWAL/H:6-9/RES1,9,22639.4615813
THA,Thailand,Res,CR/LFINF+FS,CR/LFINF+FS/H:4-5/RES5,8,30166.762674999998
THA,Thailand,Res,PCR/LWAL,PCR/LWAL/H:2-3/RES1,8,1618.0032993
THA,Thailand,Res,CR/LFINF,CR/LFINF/H:1/RES3A,7,646.19235266
THA,Thailand,Res,CR/LFINF,CR/LFINF/H:6-9/RES3F,7,31134.890924
THA,Thailand,Res,CR/MF,CR/MF/H:4-5/RES1,7,9551.3251294
THA,Thailand,Res,S/LF,S/LF/H:1/RES2,7,536.09946741
THA,Thailand,Res,C3+W,C3+W/H:1/RES1,6,317.70242435
THA,Thailand,Res,CR/LFINF,CR/LFINF/H:2-3/RES6,6,3466.5235966
THA,Thailand,Res,CR/LFINF,CR/LFINF/H:6-9/RES1,6,13329.4792069
THA,Thailand,Res,CR/LFINF,CR/LFINF/H:1/RES6,5,658.38885289
THA,Thailand,Res,CR/LFINF,CR/LFINF/H:2-3/RES3A,5,1868.8341231
THA,Thailand,Res,CR/MF,CR/MF/H:1/RES5,5,329.5219242
THA,Thailand,Res,MUR/LWAL,MUR/LWAL/H:1/RES1,5,514.28356683
THA,Thailand,Res,C3+W,C3+W/H:2-3/RES4,4,867.9616406
THA,Thailand,Res,C3+W1,C3+W1/H:2-3/RES5,4,3429.7063578
THA,Thailand,Res,C4+C2,C4+C2/H:6-9/RES4,4,9879.3184656
THA,Thailand,Res,CR/LFINF,CR/LFINF/H:1/RES2,4,374.59884664000003
THA,Thailand,Res,CR/LFINF,CR/LFINF/H:1/RES3D,4,1450.1121083
THA,Thailand,Res,CR/LFINF,CR/LFINF/H:10+/RES4,4,104718.103681
THA,Thailand,Res,CR/LFINF,CR/LFINF/H:2-3/RES2,4,1102.4687413
THA,Thailand,Res,CR/LWAL,CR/LWAL/H:1/RES1,4,531.03927501
THA,Thailand,Res,CR/LWAL,CR/LWAL/H:4-5/RES3E,4,4737.4480196
THA,Thailand,Res,MH,MH/H:1/RES1,4,298.88091449
THA,Thailand,Res,S/LF,S/LF/H:2-3/RES4,4,3638.3963492999997
THA,Thailand,Res,S/MF,S/MF/H:1/RES2,4,174.93522611
THA,Thailand,Res,S/MF,S/MF/H:1/RES5,4,252.60341079
THA,Thailand,Res,W,W/H:2-3/RES5,4,1659.725129
THA,Thailand,Res,C1+C3,C1+C3/H:1/RES1,2,88.79170785
THA,Thailand,Res,C1+W1,C1+W1/H:1/RES1,2,93.53913189000001
THA,Thailand,Res,C3+S1,C3+S1/H:2-3/RES1,2,325.8389189
THA,Thailand,Res,C3+S3,C3+S3/H:1/RES1,2,630.7978015
THA,Thailand,Res,C3+W,C3+W/H:1/RES4,2,111.3198738
THA,Thailand,Res,C3+W2,C3+W2/H:2-3/RES4,2,1217.7539115
THA,Thailand,Res,CR/LFINF+FS,CR/LFINF+FS/H:2-3/RES4,2,807.2262284
THA,Thailand,Res,CR/LFINF+FS,CR/LFINF+FS/H:4-5/RES4,2,7963.043597
THA,Thailand,Res,CR/LWAL,CR/LWAL/H:6-9/RES3E,2,8727.126813
THA,Thailand,Res,S3+C3,S3+C3/H:2-3/RES1,2,292.55502167
THA,Thailand,Res,W,W/H:2-3/RES3C,2,630.3052445000001
THA,Thailand,Res,W,W/H:2-3/RES6,2,344.578736
THA,Thailand,Res,C2+W1,C2+W1/H:2-3/RES1,1,27.88112406
THA,Thailand,Res,C3+C1,C3+C1/H:1/RES1,1,42.40824388
THA,Thailand,Res,C3+S1,C3+S1/H:1/RES1,1,51.90155126
THA,Thailand,Res,C3+S3,C3+S3/H:2-3/RES1,1,94.99012652
THA,Thailand,Res,C3+S3,C3+S3/H:2-3/RES4,1,601.307476
THA,Thailand,Res,C3+W2,C3+W2/H:1/RES1,1,259.677824
THA,Thailand,Res,CR/LFINF,CR/LFINF/H:10+/RES1,1,1355.81043
THA,Thailand,Res,CR/LFINF,CR/LFINF/H:10+/RES5,1,20665.69533
THA,Thailand,Res,CR/LFINF,CR/LFINF/H:2-3/RES3F,1,2432.098604
THA,Thailand,Res,CR/LFINF,CR/LFINF/H:4-5/RES3A,1,5612.114679
THA,Thailand,Res,CR/LFINF,CR/LFINF/H:4-5/RES3B,1,823.0246279
THA,Thailand,Res,CR/LFINF,CR/LFINF/H:4-5/RES3C,1,699.3576596
THA,Thailand,Res,CR/LFINF,CR/LFINF/H:4-5/RES6,1,833.3413066
THA,Thailand,Res,CR/LFINF+FS,CR/LFINF+FS/H:6-9/RES3F,1,6786.785798
THA,Thailand,Res,CR/LFINF+FS,CR/LFINF+FS/H:6-9/RES4,1,8797.541519
THA,Thailand,Res,CR/LWAL,CR/LWAL/H:10+/RES3F,1,8609.316808
THA,Thailand,Res,CR/LWAL,CR/LWAL/H:10+/RES5,1,11794.93473
THA,Thailand,Res,CR/LWAL,CR/LWAL/H:2-3/RES3E,1,1738.33398
THA,Thailand,Res,CR/MF,CR/MF/H:2-3/RES3C,1,1088.787094
THA,Thailand,Res,CR/MF,CR/MF/H:2-3/RES3D,1,319.0274951
THA,Thailand,Res,MH,MH/H:2-3/RES1,1,247.8166161
THA,Thailand,Res,MUR/LWAL,MUR/LWAL/H:2-3/RES1,1,238.5586602
THA,Thailand,Res,S/BF,S/BF/H:2-3/RES1,1,86.72134433
THA,Thailand,Res,S/BF,S/BF/H:6-9/RES3F,1,4683.386756
THA,Thailand,Res,S/LF,S/LF/H:1/RES6,1,23.29811118
THA,Thailand,Res,S/LF,S/LF/H:2-3/RES5,1,341.5988328
THA,Thailand,Res,S/LF,S/LF/H:4-5/RES1,1,259.969728
THA,Thailand,Res,S/LFINF,S/LFINF/H:1/RES4,1,150.5092769
THA,Thailand,Res,S/LWAL,S/LWAL/H:1/RES2,1,69.21144241
THA,Thailand,Res,S/MF,S/MF/H:1/RES3B,1,166.1781323
THA,Thailand,Res,S/MF,S/MF/H:1/RES4,1,100.2792985
THA,Thailand,Res,S/MF,S/MF/H:2-3/RES5,1,2666.249221
THA,Thailand,Res,S1+W1,S1+W1/H:2-3/RES1,1,100.3469122
THA,Thailand,Res,W,W/H:1/RES3A,1,107.0522785
